184,Eric,50000,60
260,Tadd,50000,60
292,Christiano,50000,60
305,Jacinda,50000,60
329,Urbano,50000,60
361,Sinclair,50000,60
639,Marylee,50000,60
677,Galen,50000,60
679,Tomi,50000,60
690,Krystyna,50000,60
786,Edan,50000,60
801,Janine,50000,60
830,Cale,50000,60
845,Yardley,50000,60
993,Angelia,50000,60
184,Eric,50000,60
260,Tadd,50000,60
292,Christiano,50000,60
305,Jacinda,50000,60
329,Urbano,50000,60
361,Sinclair,50000,60
639,Marylee,50000,60
677,Galen,50000,60
679,Tomi,50000,60
690,Krystyna,50000,60
786,Edan,50000,60
801,Janine,50000,60
830,Cale,50000,60
845,Yardley,50000,60
993,Angelia,50000,60
158,Clarie,42000,60
158,Clarie,42000,60
212,Thomasina,42000,60
295,Catriona,42000,60
295,Catriona,42000,60
684,Sly,42000,60
369,Deni,42000,60
374,Dalis,42000,60
212,Thomasina,42000,60
791,Ki,42000,60
369,Deni,42000,60
684,Sly,42000,60
374,Dalis,42000,60
791,Ki,42000,60
905,Freda,42000,60
905,Freda,42000,60
461,Anthia,37000,60
481,Lionello,37000,60
499,Bibbie,37000,60
285,Bartel,37000,60
620,Lissy,37000,60
831,Christina,37000,60
461,Anthia,37000,60
848,Rasia,37000,60
620,Lissy,37000,60
181,Guillaume,37000,60
860,Fair,37000,60
481,Lionello,37000,60
499,Bibbie,37000,60
181,Guillaume,37000,60
272,Duncan,37000,60
285,Bartel,37000,60
772,Alica,37000,60
272,Duncan,37000,60
17,Ernesta,37000,60
831,Christina,37000,60
848,Rasia,37000,60
860,Fair,37000,60
17,Ernesta,37000,60
772,Alica,37000,60
230,Liana,33000,60
731,Cassandry,33000,60
642,Elinor,33000,60
230,Liana,33000,60
984,Pebrook,33000,60
771,Portia,33000,60
7,Kimberlee,33000,60
477,Mariele,33000,60
784,Marianne,33000,60
328,Matias,33000,60
731,Cassandry,33000,60
771,Portia,33000,60
784,Marianne,33000,60
642,Elinor,33000,60
7,Kimberlee,33000,60
207,Maddie,33000,60
165,Sib,33000,60
871,Phelia,33000,60
477,Mariele,33000,60
328,Matias,33000,60
871,Phelia,33000,60
165,Sib,33000,60
984,Pebrook,33000,60
207,Maddie,33000,60
685,Yul,30000,60
685,Yul,30000,60
174,Prentiss,30000,60
132,Dante,30000,60
411,Frayda,30000,60
174,Prentiss,30000,60
88,George,30000,60
88,George,30000,60
650,Hugo,30000,60
337,Lira,30000,60
132,Dante,30000,60
650,Hugo,30000,60
411,Frayda,30000,60
337,Lira,30000,60
400,Prince,25000,60
628,Maddy,25000,60
467,Svend,25000,60
877,Mac,25000,60
638,Merissa,25000,60
644,Malachi,25000,60
467,Svend,25000,60
290,Gordon,25000,60
665,Wheeler,25000,60
669,Beverlee,25000,60
836,Keene,25000,60
924,Orlan,25000,60
170,Devi,25000,60
877,Mac,25000,60
683,Jaquenette,25000,60
290,Gordon,25000,60
143,Jenna,25000,60
143,Jenna,25000,60
154,Bertine,25000,60
400,Prince,25000,60
628,Maddy,25000,60
924,Orlan,25000,60
638,Merissa,25000,60
170,Devi,25000,60
644,Malachi,25000,60
989,Wandie,25000,60
836,Keene,25000,60
665,Wheeler,25000,60
669,Beverlee,25000,60
154,Bertine,25000,60
989,Wandie,25000,60
683,Jaquenette,25000,60
440,Garold,20000,60
14,Bronnie,20000,60
459,Karen,20000,60
459,Karen,20000,60
929,Melody,20000,60
506,Lothaire,20000,60
511,Markos,20000,60
395,Livy,20000,60
597,Isabelle,20000,60
1000,Saleem,20000,60
597,Isabelle,20000,60
201,Odey,20000,60
614,Fredia,20000,60
417,Sibley,20000,60
14,Bronnie,20000,60
614,Fredia,20000,60
506,Lothaire,20000,60
929,Melody,20000,60
511,Markos,20000,60
201,Odey,20000,60
395,Livy,20000,60
440,Garold,20000,60
417,Sibley,20000,60
1000,Saleem,20000,60
168,Lodovico,18000,60
437,Any,18000,60
448,Lenora,18000,60
811,Susi,18000,60
637,Rosalia,18000,60
271,Larina,18000,60
865,Devonna,18000,60
866,Rubi,18000,60
865,Devonna,18000,60
866,Rubi,18000,60
141,Coreen,18000,60
637,Rosalia,18000,60
124,Pen,18000,60
168,Lodovico,18000,60
124,Pen,18000,60
141,Coreen,18000,60
437,Any,18000,60
271,Larina,18000,60
811,Susi,18000,60
448,Lenora,18000,60
91,Sully,15000,60
795,Lorianna,15000,60
275,Charmian,15000,60
812,Maxy,15000,60
469,Chrisy,15000,60
121,Patrizio,15000,60
875,Saw,15000,60
275,Charmian,15000,60
167,Didi,15000,60
841,Shelley,15000,60
999,Tamarra,15000,60
795,Lorianna,15000,60
146,Armand,15000,60
469,Chrisy,15000,60
91,Sully,15000,60
875,Saw,15000,60
167,Didi,15000,60
812,Maxy,15000,60
503,Patton,15000,60
121,Patrizio,15000,60
146,Armand,15000,60
503,Patton,15000,60
841,Shelley,15000,60
999,Tamarra,15000,60
199,Eliot,12000,60
309,Ernestus,12000,60
814,Obadiah,12000,60
118,Stu,12000,60
342,Floria,12000,60
215,Nita,12000,60
342,Floria,12000,60
410,Fidelia,12000,60
814,Obadiah,12000,60
118,Stu,12000,60
127,Cindelyn,12000,60
127,Cindelyn,12000,60
917,Luis,12000,60
705,Ariella,12000,60
157,Maryjo,12000,60
917,Luis,12000,60
157,Maryjo,12000,60
410,Fidelia,12000,60
199,Eliot,12000,60
783,Crosby,12000,60
705,Ariella,12000,60
962,Burty,12000,60
215,Nita,12000,60
962,Burty,12000,60
309,Ernestus,12000,60
783,Crosby,12000,60
835,Adelle,10000,60
284,Sidonia,10000,60
892,Devland,10000,60
980,Brana,10000,60
435,Wesley,10000,60
913,Anetta,10000,60
229,Tabina,10000,60
892,Devland,10000,60
835,Adelle,10000,60
393,Barret,10000,60
645,Sarajane,10000,60
913,Anetta,10000,60
229,Tabina,10000,60
474,Salomi,10000,60
435,Wesley,10000,60
474,Salomi,10000,60
284,Sidonia,10000,60
645,Sarajane,10000,60
980,Brana,10000,60
393,Barret,10000,60
891,Conant,37000,75
240,Billie,37000,75
372,Andy,37000,75
939,Verina,37000,75
998,Jaye,25000,75
504,Karie,25000,75
763,Davidson,37000,75
964,Ansley,37000,75
138,Brynn,50000,75
998,Jaye,25000,75
413,Clair,42000,75
62,Marysa,20000,75
729,Osbert,33000,75
416,Dennie,42000,75
116,Tracey,20000,75
923,Ezekiel,20000,75
269,Shirl,20000,75
434,Brietta,42000,75
724,Zia,42000,75
269,Shirl,20000,75
733,Evvy,42000,75
675,Immanuel,33000,75
116,Tracey,20000,75
358,Ula,50000,75
358,Ula,50000,75
696,Erhard,33000,75
470,Rod,50000,75
781,Felike,33000,75
373,Veronica,42000,75
682,Tally,42000,75
729,Osbert,33000,75
418,Addia,20000,75
792,Jermayne,33000,75
546,Henrie,50000,75
923,Ezekiel,20000,75
689,Terrence,42000,75
56,Bernardine,33000,75
781,Felike,33000,75
62,Marysa,20000,75
274,Dyann,50000,75
493,Joshia,33000,75
56,Bernardine,33000,75
418,Addia,20000,75
792,Jermayne,33000,75
694,Terrie,42000,75
600,Cornall,18000,75
600,Cornall,18000,75
707,Petronille,42000,75
724,Zia,42000,75
733,Evvy,42000,75
189,Maible,18000,75
131,Tom,33000,75
245,Donal,18000,75
332,Eden,18000,75
189,Maible,18000,75
675,Immanuel,33000,75
692,Zorina,18000,75
778,Ingmar,18000,75
837,Corrina,50000,75
131,Tom,33000,75
887,Guillermo,42000,75
241,Alexandra,42000,75
512,Bird,18000,75
234,Pietro,18000,75
512,Bird,18000,75
692,Zorina,18000,75
493,Joshia,33000,75
245,Donal,18000,75
470,Rod,50000,75
332,Eden,18000,75
887,Guillermo,42000,75
696,Erhard,33000,75
953,Lacey,50000,75
413,Clair,42000,75
339,Nona,30000,75
952,Edwina,42000,75
234,Pietro,18000,75
680,Flore,30000,75
778,Ingmar,18000,75
952,Edwina,42000,75
576,Corrina,15000,75
974,Herrick,30000,75
451,Margalit,15000,75
96,Martino,15000,75
10,Aggie,15000,75
191,Bethina,15000,75
416,Dennie,42000,75
434,Brietta,42000,75
958,Trista,50000,75
808,Emanuel,30000,75
546,Henrie,50000,75
46,Lonnard,50000,75
301,Cos,30000,75
834,Chad,15000,75
808,Emanuel,30000,75
110,Dominick,30000,75
612,Fidole,30000,75
451,Margalit,15000,75
616,Hetti,30000,75
10,Aggie,15000,75
112,Tersina,30000,75
301,Cos,30000,75
837,Corrina,50000,75
138,Brynn,50000,75
333,Cornie,15000,75
53,Hyacinthie,15000,75
612,Fidole,30000,75
489,Dorothea,15000,75
489,Dorothea,15000,75
616,Hetti,30000,75
333,Cornie,15000,75
110,Dominick,30000,75
557,Babbie,15000,75
112,Tersina,30000,75
191,Bethina,15000,75
531,Maxi,37000,75
96,Martino,15000,75
53,Hyacinthie,15000,75
339,Nona,30000,75
834,Chad,15000,75
741,Carleton,15000,75
67,Blanch,15000,75
128,Zacharie,30000,75
67,Blanch,15000,75
576,Corrina,15000,75
957,Floyd,15000,75
741,Carleton,15000,75
557,Babbie,15000,75
957,Floyd,15000,75
128,Zacharie,30000,75
953,Lacey,50000,75
958,Trista,50000,75
627,Nicola,12000,75
538,Caren,12000,75
178,Mellicent,50000,75
653,Harmonia,12000,75
974,Herrick,30000,75
680,Flore,30000,75
657,Boothe,12000,75
347,Tarra,12000,75
276,Dru,50000,75
653,Harmonia,12000,75
277,Kiel,50000,75
657,Boothe,12000,75
267,Abbie,25000,75
26,Karim,25000,75
186,Ian,42000,75
187,Sebastien,37000,75
347,Tarra,12000,75
274,Dyann,50000,75
882,Rina,25000,75
876,Cecil,37000,75
762,Lucienne,25000,75
538,Caren,12000,75
255,Yuri,25000,75
891,Conant,37000,75
762,Lucienne,25000,75
627,Nicola,12000,75
267,Abbie,25000,75
504,Karie,25000,75
240,Billie,37000,75
289,Dulcea,25000,75
276,Dru,50000,75
241,Alexandra,42000,75
306,Silvan,12000,75
277,Kiel,50000,75
186,Ian,42000,75
306,Silvan,12000,75
739,Winnifred,10000,75
939,Verina,37000,75
763,Davidson,37000,75
491,Skipton,10000,75
746,Rosemarie,10000,75
289,Dulcea,25000,75
177,Robbi,10000,75
687,Devondra,10000,75
948,Agustin,25000,75
982,Sharai,10000,75
687,Devondra,10000,75
822,Jefferey,10000,75
456,Leeanne,10000,75
699,Evelyn,10000,75
90,Margaretha,10000,75
90,Margaretha,10000,75
682,Tally,42000,75
573,Sutherlan,10000,75
882,Rina,25000,75
372,Andy,37000,75
964,Ansley,37000,75
178,Mellicent,50000,75
699,Evelyn,10000,75
106,Nance,10000,75
26,Karim,25000,75
739,Winnifred,10000,75
456,Leeanne,10000,75
689,Terrence,42000,75
694,Terrie,42000,75
746,Rosemarie,10000,75
177,Robbi,10000,75
187,Sebastien,37000,75
707,Petronille,42000,75
931,Callie,10000,75
931,Callie,10000,75
130,Omero,10000,75
46,Lonnard,50000,75
130,Omero,10000,75
531,Maxi,37000,75
255,Yuri,25000,75
40,Sydney,10000,75
491,Skipton,10000,75
40,Sydney,10000,75
876,Cecil,37000,75
373,Veronica,42000,75
982,Sharai,10000,75
106,Nance,10000,75
573,Sutherlan,10000,75
948,Agustin,25000,75
822,Jefferey,10000,75
743,Pancho,18000,88
226,Trula,30000,88
539,Christie,18000,88
349,Cassie,50000,88
629,Mace,18000,88
758,Boycie,18000,88
192,Farand,42000,88
844,Bella,18000,88
232,Alla,30000,88
545,Domini,18000,88
266,Arel,30000,88
688,Xenos,37000,88
844,Bella,18000,88
349,Cassie,50000,88
354,Kurtis,50000,88
343,Johannes,18000,88
886,Bailey,30000,88
774,Barde,18000,88
354,Kurtis,50000,88
944,Isabeau,37000,88
886,Bailey,30000,88
218,Romola,50000,88
398,Easter,30000,88
359,Tully,18000,88
629,Mace,18000,88
390,Ag,50000,88
719,Kamila,42000,88
720,Jennie,42000,88
799,Emmaline,37000,88
391,Sherwin,50000,88
359,Tully,18000,88
807,Wini,37000,88
452,Samara,50000,88
122,Linda,30000,88
122,Linda,30000,88
430,Pincus,42000,88
838,Hashim,50000,88
539,Christie,18000,88
545,Domini,18000,88
490,Tamarah,50000,88
743,Pancho,18000,88
51,Marion,50000,88
580,Delaney,50000,88
582,Grier,42000,88
758,Boycie,18000,88
142,Tanya,30000,88
774,Barde,18000,88
343,Johannes,18000,88
205,Mallorie,30000,88
266,Arel,30000,88
390,Ag,50000,88
391,Sherwin,50000,88
813,Agnes,42000,88
193,Zolly,25000,88
646,Arlie,42000,88
574,Phillipe,37000,88
816,Michele,42000,88
43,Bradney,25000,88
944,Isabeau,37000,88
634,Viva,25000,88
452,Samara,50000,88
49,Dagmar,25000,88
125,Esteban,15000,88
18,Cirillo,50000,88
753,Andrej,50000,88
193,Zolly,25000,88
569,Carter,33000,88
569,Carter,33000,88
20,Bellanca,15000,88
202,Yorke,15000,88
888,Katlin,25000,88
331,Booth,15000,88
22,Eugene,50000,88
594,Cyndia,33000,88
780,Tootsie,25000,88
896,Oberon,15000,88
936,Carolina,33000,88
42,Ame,50000,88
20,Bellanca,15000,88
655,Maddy,25000,88
805,Fred,25000,88
606,Dedie,33000,88
129,Vina,42000,88
97,Marcellus,50000,88
51,Marion,50000,88
896,Oberon,15000,88
331,Booth,15000,88
817,Cynthia,25000,88
780,Tootsie,25000,88
719,Kamila,42000,88
720,Jennie,42000,88
560,Hesther,15000,88
561,Sasha,15000,88
594,Cyndia,33000,88
991,Zaccaria,33000,88
838,Hashim,50000,88
97,Marcellus,50000,88
868,Trumaine,42000,88
490,Tamarah,50000,88
175,Lorant,50000,88
202,Yorke,15000,88
813,Agnes,42000,88
888,Katlin,25000,88
606,Dedie,33000,88
816,Michele,42000,88
805,Fred,25000,88
22,Eugene,50000,88
975,Aleksandr,42000,88
125,Esteban,15000,88
756,Kaitlynn,15000,88
756,Kaitlynn,15000,88
909,Leo,42000,88
560,Hesther,15000,88
561,Sasha,15000,88
49,Dagmar,25000,88
797,Diahann,33000,88
85,Trenton,12000,88
868,Trumaine,42000,88
817,Cynthia,25000,88
634,Viva,25000,88
250,Tiphani,42000,88
206,Borden,12000,88
34,Redd,42000,88
909,Leo,42000,88
262,Melisa,12000,88
986,Ferd,25000,88
820,Mag,12000,88
34,Redd,42000,88
37,Stefa,42000,88
139,Yankee,42000,88
655,Maddy,25000,88
85,Trenton,12000,88
997,De witt,12000,88
182,Loutitia,25000,88
73,Cristi,42000,88
797,Diahann,33000,88
430,Pincus,42000,88
182,Loutitia,25000,88
666,Caritta,12000,88
666,Caritta,12000,88
43,Bradney,25000,88
820,Mag,12000,88
392,Vikki,33000,88
397,Charil,33000,88
405,Amerigo,33000,88
986,Ferd,25000,88
523,Eddy,12000,88
551,Gauthier,12000,88
206,Borden,12000,88
975,Aleksandr,42000,88
129,Vina,42000,88
262,Melisa,12000,88
580,Delaney,50000,88
551,Gauthier,12000,88
564,Briney,12000,88
235,Hiram,20000,88
766,Toby,20000,88
61,Deeyn,20000,88
564,Briney,12000,88
139,Yankee,42000,88
300,Zabrina,12000,88
523,Eddy,12000,88
208,Weider,50000,88
392,Vikki,33000,88
883,Callida,33000,88
300,Zabrina,12000,88
335,Rand,20000,88
252,Karlotte,20000,88
914,Curry,20000,88
799,Emmaline,37000,88
478,Brooke,20000,88
397,Charil,33000,88
582,Grier,42000,88
997,De witt,12000,88
623,Dorotea,10000,88
678,Nilson,10000,88
966,Karon,10000,88
270,Edlin,20000,88
405,Amerigo,33000,88
807,Wini,37000,88
678,Nilson,10000,88
766,Toby,20000,88
73,Cristi,42000,88
270,Edlin,20000,88
218,Romola,50000,88
936,Carolina,33000,88
386,Demeter,10000,88
195,Roderigo,20000,88
478,Brooke,20000,88
626,Menard,37000,88
883,Callida,33000,88
525,Edan,20000,88
403,Bar,20000,88
335,Rand,20000,88
192,Farand,42000,88
39,Alfredo,10000,88
535,Frans,33000,88
210,Sayres,10000,88
318,Urban,10000,88
574,Phillipe,37000,88
252,Karlotte,20000,88
991,Zaccaria,33000,88
100,Georgeta,10000,88
101,Marcille,10000,88
535,Frans,33000,88
102,Ertha,10000,88
175,Lorant,50000,88
279,Alberik,50000,88
210,Sayres,10000,88
42,Ame,50000,88
914,Curry,20000,88
626,Menard,37000,88
250,Tiphani,42000,88
100,Georgeta,10000,88
646,Arlie,42000,88
632,Josepha,20000,88
37,Stefa,42000,88
398,Easter,30000,88
254,Morris,10000,88
101,Marcille,10000,88
195,Roderigo,20000,88
61,Deeyn,20000,88
710,Nikolaus,30000,88
18,Cirillo,50000,88
279,Alberik,50000,88
102,Ertha,10000,88
403,Bar,20000,88
632,Josepha,20000,88
235,Hiram,20000,88
623,Dorotea,10000,88
753,Andrej,50000,88
205,Mallorie,30000,88
688,Xenos,37000,88
261,Josiah,10000,88
39,Alfredo,10000,88
525,Edan,20000,88
254,Morris,10000,88
966,Karon,10000,88
208,Weider,50000,88
261,Josiah,10000,88
226,Trula,30000,88
599,Howard,18000,88
710,Nikolaus,30000,88
386,Demeter,10000,88
599,Howard,18000,88
318,Urban,10000,88
232,Alla,30000,88
142,Tanya,30000,88
759,Nanete,37000,90
72,Katrine,25000,90
520,Coop,37000,90
159,Kipp,15000,90
671,Jacqueline,50000,90
312,Lenci,42000,90
87,Joelle,37000,90
996,Atalanta,37000,90
71,Shaughn,15000,90
113,Johnathon,15000,90
464,Liana,15000,90
804,Earle,30000,90
65,Star,33000,90
605,Minda,15000,90
703,Alverta,25000,90
475,Coletta,50000,90
162,Ofella,50000,90
978,Warner,30000,90
214,Nicolina,30000,90
605,Minda,15000,90
322,Richard,42000,90
412,Babita,30000,90
624,Giraud,15000,90
153,Byram,42000,90
190,Waldon,30000,90
286,Jodi,30000,90
113,Johnathon,15000,90
387,Juliann,50000,90
530,Mort,42000,90
214,Nicolina,30000,90
8,Henrieta,30000,90
60,Kori,50000,90
775,Wilie,30000,90
464,Liana,15000,90
895,Frasquito,15000,90
394,Gaelan,25000,90
610,Sayre,33000,90
542,Gene,15000,90
663,Millie,15000,90
505,Martguerita,50000,90
717,Hyacinthia,25000,90
954,Laetitia,33000,90
159,Kipp,15000,90
89,Guenevere,30000,90
744,Melonie,33000,90
376,Vikky,15000,90
624,Giraud,15000,90
748,Mitchael,33000,90
249,Jessee,30000,90
863,Cherish,42000,90
381,Silas,15000,90
895,Frasquito,15000,90
804,Earle,30000,90
99,Aleda,50000,90
480,Marissa,37000,90
777,Ree,42000,90
95,Kyrstin,37000,90
471,Ramsay,20000,90
725,Cristina,15000,90
558,Caren,15000,90
153,Byram,42000,90
99,Aleda,50000,90
565,Rutherford,15000,90
263,Orelee,20000,90
921,Odie,20000,90
286,Jodi,30000,90
537,Ced,20000,90
86,Angie,20000,90
144,Flora,33000,90
307,Renie,33000,90
104,Geneva,33000,90
725,Cristina,15000,90
572,Antonella,15000,90
8,Henrieta,30000,90
190,Waldon,30000,90
385,Gayel,20000,90
179,Lynea,20000,90
296,Leigh,37000,90
71,Shaughn,15000,90
554,Lucais,42000,90
959,Shaughn,15000,90
89,Guenevere,30000,90
542,Gene,15000,90
471,Ramsay,20000,90
663,Millie,15000,90
376,Vikky,15000,90
381,Silas,15000,90
145,Dianna,20000,90
249,Jessee,30000,90
698,Paddie,33000,90
558,Caren,15000,90
700,Abbot,33000,90
701,Tedra,33000,90
565,Rutherford,15000,90
83,Lesya,15000,90
83,Lesya,15000,90
775,Wilie,30000,90
288,Dudley,42000,90
800,Daffi,12000,90
196,Otho,20000,90
537,Ced,20000,90
648,Ethan,12000,90
827,Angeli,20000,90
828,Norbert,20000,90
476,Abigael,12000,90
800,Daffi,12000,90
824,Mercie,42000,90
145,Dianna,20000,90
827,Angeli,20000,90
900,Riccardo,42000,90
828,Norbert,20000,90
475,Coletta,50000,90
86,Angie,20000,90
610,Sayre,33000,90
324,Ad,33000,90
940,Josefina,30000,90
162,Ofella,50000,90
179,Lynea,20000,90
648,Ethan,12000,90
925,Wittie,37000,90
364,Junie,20000,90
364,Junie,20000,90
935,Jillane,37000,90
310,Brnaba,37000,90
744,Melonie,33000,90
748,Mitchael,33000,90
412,Babita,30000,90
307,Renie,33000,90
921,Odie,20000,90
940,Josefina,30000,90
631,Ivonne,20000,90
16,Iver,12000,90
978,Warner,30000,90
730,Emmet,37000,90
242,Broddie,42000,90
919,Calypso,12000,90
505,Martguerita,50000,90
922,Wenda,12000,90
702,Rikki,12000,90
385,Gayel,20000,90
196,Otho,20000,90
492,Minny,33000,90
863,Cherish,42000,90
759,Nanete,37000,90
24,Reagen,42000,90
263,Orelee,20000,90
74,Cristie,25000,90
919,Calypso,12000,90
631,Ivonne,20000,90
922,Wenda,12000,90
514,Vincents,25000,90
60,Kori,50000,90
16,Iver,12000,90
900,Riccardo,42000,90
476,Abigael,12000,90
703,Alverta,25000,90
702,Rikki,12000,90
429,Coleman,25000,90
429,Coleman,25000,90
717,Hyacinthia,25000,90
77,Sacha,25000,90
296,Leigh,37000,90
438,Gardie,12000,90
38,Roda,25000,90
601,Emmalee,18000,90
387,Juliann,50000,90
321,Wilona,25000,90
601,Emmalee,18000,90
438,Gardie,12000,90
298,Sayre,18000,90
65,Star,33000,90
173,Brandon,18000,90
926,Abbie,18000,90
468,Kendell,25000,90
747,Graehme,18000,90
382,Alister,33000,90
672,Sheila-kathryn,10000,90
310,Brnaba,37000,90
656,Filmer,50000,90
319,Fan,18000,90
479,Benita,25000,90
33,Earle,10000,90
520,Coop,37000,90
319,Fan,18000,90
777,Ree,42000,90
530,Mort,42000,90
636,Abigail,18000,90
382,Alister,33000,90
75,Solomon,10000,90
317,Web,37000,90
425,Jordan,33000,90
75,Solomon,10000,90
554,Lucais,42000,90
104,Geneva,33000,90
852,Giacopo,18000,90
992,Trenna,10000,90
852,Giacopo,18000,90
323,Hilary,37000,90
317,Web,37000,90
656,Filmer,50000,90
38,Roda,25000,90
298,Sayre,18000,90
72,Katrine,25000,90
242,Broddie,42000,90
74,Cristie,25000,90
514,Vincents,25000,90
77,Sacha,25000,90
996,Atalanta,37000,90
94,My,18000,90
873,Thomasa,18000,90
27,Anthea,42000,90
324,Ad,33000,90
873,Thomasa,18000,90
671,Jacqueline,50000,90
312,Lenci,42000,90
885,Jan,18000,90
144,Flora,33000,90
87,Joelle,37000,90
492,Minny,33000,90
468,Kendell,25000,90
480,Marissa,37000,90
636,Abigail,18000,90
323,Hilary,37000,90
344,Genevra,10000,90
885,Jan,18000,90
24,Reagen,42000,90
479,Benita,25000,90
716,Elita,18000,90
321,Wilona,25000,90
730,Emmet,37000,90
926,Abbie,18000,90
95,Kyrstin,37000,90
716,Elita,18000,90
288,Dudley,42000,90
396,Iorgos,18000,90
396,Iorgos,18000,90
954,Laetitia,33000,90
33,Earle,10000,90
698,Paddie,33000,90
747,Graehme,18000,90
394,Gaelan,25000,90
700,Abbot,33000,90
701,Tedra,33000,90
925,Wittie,37000,90
344,Genevra,10000,90
425,Jordan,33000,90
173,Brandon,18000,90
935,Jillane,37000,90
824,Mercie,42000,90
27,Anthea,42000,90
672,Sheila-kathryn,10000,90
992,Trenna,10000,90
322,Richard,42000,90
94,My,18000,90
959,Shaughn,15000,90
572,Antonella,15000,90
84,Tatiania,20000,120
161,Ferdie,15000,120
979,Libbey,42000,120
855,Vassili,33000,120
29,Gaye,37000,120
408,Benson,20000,120
706,Lia,20000,120
409,Sileas,20000,120
63,Loy,15000,120
556,Aeriela,37000,120
350,Maiga,20000,120
13,Shel,50000,120
934,Dorette,37000,120
899,Martelle,15000,120
713,Roslyn,25000,120
356,Isabelle,20000,120
401,Vail,33000,120
4,Kimbell,50000,120
893,Annamarie,20000,120
658,Dorrie,42000,120
486,Bartholomew,33000,120
910,Atlante,33000,120
365,Neely,20000,120
532,Nathalie,37000,120
48,Noella,15000,120
521,Sheridan,50000,120
553,Lynett,37000,120
399,Esdras,37000,120
912,Oren,20000,120
362,Buddy,50000,120
881,Kenna,25000,120
556,Aeriela,37000,120
937,Randy,15000,120
937,Randy,15000,120
365,Neely,20000,120
967,Esme,37000,120
534,Bunnie,33000,120
709,Hagan,50000,120
63,Loy,15000,120
103,Desiri,25000,120
482,Tori,42000,120
466,Carlye,37000,120
949,Clerissa,15000,120
68,Cristobal,15000,120
842,Irv,15000,120
615,Idalina,50000,120
963,Arley,33000,120
568,Modesta,33000,120
197,Alasteir,20000,120
568,Modesta,33000,120
857,Devlen,37000,120
152,Babbie,15000,120
621,Odessa,50000,120
910,Atlante,33000,120
534,Bunnie,33000,120
973,Guglielma,15000,120
949,Clerissa,15000,120
858,Ophelie,37000,120
389,Anna-maria,42000,120
68,Cristobal,15000,120
711,Cinda,42000,120
408,Benson,20000,120
409,Sileas,20000,120
140,Corbin,42000,120
633,Shandra,50000,120
164,Cathrin,30000,120
155,Osbert,42000,120
164,Cathrin,30000,120
893,Annamarie,20000,120
445,Ozzie,20000,120
326,Lina,12000,120
693,Baxy,20000,120
98,Jacquelin,30000,120
548,Mab,25000,120
211,Marcile,30000,120
983,Josi,12000,120
44,Margarete,50000,120
787,Fayre,18000,120
697,Robbie,30000,120
105,Kilian,42000,120
826,Yetta,25000,120
524,Janey,42000,120
548,Mab,25000,120
436,Felicdad,18000,120
105,Kilian,42000,120
704,Pauly,30000,120
384,Nonnah,25000,120
963,Arley,33000,120
103,Desiri,25000,120
388,Shauna,25000,120
854,Levon,25000,120
216,Nikoletta,12000,120
640,Wolfy,33000,120
579,Shel,25000,120
941,Nina,25000,120
661,Shermie,12000,120
779,Melva,42000,120
264,Stephen,37000,120
66,Dominica,33000,120
222,Marina,12000,120
661,Shermie,12000,120
28,Doro,33000,120
942,Vernen,18000,120
881,Kenna,25000,120
667,Kennan,12000,120
761,Galvan,33000,120
785,Francine,42000,120
508,Lin,12000,120
233,Peter,12000,120
738,Silvie,12000,120
667,Kennan,12000,120
547,Marj,18000,120
45,Nikoletta,50000,120
681,Burgess,12000,120
579,Shel,25000,120
711,Cinda,42000,120
287,Ofelia,30000,120
549,Josiah,12000,120
367,Maryellen,37000,120
697,Robbie,30000,120
878,Ralf,12000,120
521,Sheridan,50000,120
6,Gayle,30000,120
211,Marcile,30000,120
222,Marina,12000,120
360,Honor,30000,120
294,Cleo,50000,120
264,Stephen,37000,120
294,Cleo,50000,120
704,Pauly,30000,120
389,Anna-maria,42000,120
681,Burgess,12000,120
508,Lin,12000,120
463,Shea,12000,120
320,Donaugh,12000,120
465,Carley,12000,120
549,Josiah,12000,120
19,Park,30000,120
248,Maynard,18000,120
934,Dorette,37000,120
140,Corbin,42000,120
59,Celene,50000,120
155,Osbert,42000,120
880,Josi,18000,120
326,Lina,12000,120
790,Noll,30000,120
709,Hagan,50000,120
738,Silvie,12000,120
941,Nina,25000,120
233,Peter,12000,120
826,Yetta,25000,120
59,Celene,50000,120
370,Ingrim,30000,120
787,Fayre,18000,120
69,Paulita,50000,120
956,Sioux,12000,120
880,Josi,18000,120
584,Basil,12000,120
615,Idalina,50000,120
956,Sioux,12000,120
902,Coral,18000,120
198,Eleonora,42000,120
133,Cordy,18000,120
244,Cal,42000,120
248,Maynard,18000,120
596,Dylan,30000,120
482,Tori,42000,120
584,Basil,12000,120
712,Matelda,18000,120
384,Nonnah,25000,120
983,Josi,12000,120
216,Nikoletta,12000,120
28,Doro,33000,120
878,Ralf,12000,120
320,Donaugh,12000,120
388,Shauna,25000,120
463,Shea,12000,120
465,Carley,12000,120
712,Matelda,18000,120
311,Tabor,37000,120
621,Odessa,50000,120
595,Gray,42000,120
133,Cordy,18000,120
362,Buddy,50000,120
287,Ofelia,30000,120
713,Roslyn,25000,120
547,Marj,18000,120
311,Tabor,37000,120
942,Vernen,18000,120
779,Melva,42000,120
846,Brendin,10000,120
436,Felicdad,18000,120
967,Esme,37000,120
761,Galvan,33000,120
19,Park,30000,120
486,Bartholomew,33000,120
524,Janey,42000,120
902,Coral,18000,120
897,Gabriell,10000,120
633,Shandra,50000,120
706,Lia,20000,120
445,Ozzie,20000,120
76,Nananne,33000,120
903,Judas,10000,120
960,Zitella,42000,120
6,Gayle,30000,120
562,Erica,10000,120
872,Madonna,10000,120
563,Keith,10000,120
462,Marsiella,20000,120
54,Julina,33000,120
596,Dylan,30000,120
912,Oren,20000,120
760,Sidonia,10000,120
1,Lou,10000,120
98,Jacquelin,30000,120
238,Leeanne,15000,120
48,Noella,15000,120
960,Zitella,42000,120
785,Francine,42000,120
979,Libbey,42000,120
44,Margarete,50000,120
640,Wolfy,33000,120
64,Gabbey,37000,120
973,Guglielma,15000,120
198,Eleonora,42000,120
897,Gabriell,10000,120
84,Tatiania,20000,120
903,Judas,10000,120
161,Ferdie,15000,120
484,Kym,20000,120
111,Petey,15000,120
466,Carlye,37000,120
69,Paulita,50000,120
857,Devlen,37000,120
111,Petey,15000,120
238,Leeanne,15000,120
421,Neila,15000,120
846,Brendin,10000,120
927,Robinia,10000,120
66,Dominica,33000,120
256,Gusty,10000,120
858,Ophelie,37000,120
346,Janeta,10000,120
595,Gray,42000,120
927,Robinia,10000,120
760,Sidonia,10000,120
45,Nikoletta,50000,120
462,Marsiella,20000,120
76,Nananne,33000,120
401,Vail,33000,120
302,Ron,20000,120
532,Nathalie,37000,120
360,Honor,30000,120
399,Esdras,37000,120
13,Shel,50000,120
842,Irv,15000,120
950,Lonna,10000,120
4,Kimbell,50000,120
244,Cal,42000,120
350,Maiga,20000,120
790,Noll,30000,120
562,Erica,10000,120
855,Vassili,33000,120
29,Gaye,37000,120
421,Neila,15000,120
563,Keith,10000,120
302,Ron,20000,120
256,Gusty,10000,120
1,Lou,10000,120
950,Lonna,10000,120
370,Ingrim,30000,120
553,Lynett,37000,120
197,Alasteir,20000,120
346,Janeta,10000,120
693,Baxy,20000,120
152,Babbie,15000,120
484,Kym,20000,120
872,Madonna,10000,120
54,Julina,33000,120
367,Maryellen,37000,120
658,Dorrie,42000,120
899,Martelle,15000,120
854,Levon,25000,120
356,Isabelle,20000,120
64,Gabbey,37000,120
281,Rafaellle,50000,180
70,Sayre,33000,180
375,Nanni,25000,180
988,Dawn,37000,180
654,Damara,12000,180
890,Madel,12000,180
227,Adel,30000,180
908,Brittany,18000,180
728,Klara,50000,180
510,Irena,20000,180
994,Raquela,12000,180
552,Delmore,33000,180
555,Clarice,33000,180
916,Saunder,37000,180
494,Mirilla,30000,180
555,Clarice,33000,180
93,Nicky,42000,180
856,Henrieta,30000,180
227,Adel,30000,180
529,Daveta,20000,180
654,Damara,12000,180
517,Danya,25000,180
498,Gretchen,12000,180
78,Morse,25000,180
79,Roland,25000,180
82,Kendre,25000,180
932,Debby,18000,180
541,Deny,18000,180
498,Gretchen,12000,180
114,Freddie,12000,180
544,Prisca,18000,180
853,Eve,12000,180
619,Lyndsay,42000,180
802,Sheilah,42000,180
522,Charles,42000,180
829,Conan,20000,180
355,Wilfred,20000,180
57,Homer,18000,180
427,Carine,33000,180
251,Jenna,30000,180
280,Koenraad,20000,180
585,Horatius,18000,180
589,Hesther,33000,180
414,Morie,12000,180
643,Neron,42000,180
41,Brnaba,30000,180
981,Genevieve,20000,180
849,Gibb,20000,180
550,Mathe,12000,180
314,Charisse,50000,180
366,Klarrisa,18000,180
379,Crawford,12000,180
150,Dot,18000,180
908,Brittany,18000,180
751,Jude,12000,180
236,Anastasia,18000,180
379,Crawford,12000,180
314,Charisse,50000,180
257,Jori,12000,180
444,Chrissy,18000,180
890,Madel,12000,180
585,Horatius,18000,180
829,Conan,20000,180
662,Byrom,42000,180
47,Raine,30000,180
419,Ed,18000,180
494,Mirilla,30000,180
117,Cherrita,33000,180
420,Lothaire,12000,180
148,Benton,12000,180
185,Marcellus,30000,180
862,Holden,50000,180
602,Brian,20000,180
862,Holden,50000,180
550,Mathe,12000,180
355,Wilfred,20000,180
788,Adelaida,37000,180
82,Kendre,25000,180
114,Freddie,12000,180
961,Ginnie,15000,180
148,Benton,12000,180
602,Brian,20000,180
856,Henrieta,30000,180
853,Eve,12000,180
583,Annabell,15000,180
901,Shaughn,50000,180
849,Gibb,20000,180
414,Morie,12000,180
25,Braden,25000,180
617,Kirk,30000,180
243,Brigham,25000,180
228,Jeniece,15000,180
911,Maurie,50000,180
420,Lothaire,12000,180
938,Arabel,50000,180
943,Loria,25000,180
751,Jude,12000,180
11,Brandea,15000,180
341,Rafaello,37000,180
947,Martyn,25000,180
752,Arch,33000,180
80,Jesselyn,30000,180
598,Eachelle,37000,180
788,Adelaida,37000,180
433,Emmit,12000,180
147,Gustie,42000,180
433,Emmit,12000,180
589,Hesther,33000,180
353,Carita,42000,180
303,Charin,12000,180
901,Shaughn,50000,180
965,Kirstin,12000,180
911,Maurie,50000,180
136,Gideon,15000,180
971,Mercedes,12000,180
303,Charin,12000,180
257,Jori,12000,180
938,Arabel,50000,180
965,Kirstin,12000,180
251,Jenna,30000,180
510,Irena,20000,180
259,Merrile,50000,180
773,Juliana,50000,180
971,Mercedes,12000,180
765,Jenny,33000,180
618,Orson,25000,180
447,Guy,42000,180
426,Minnnie,20000,180
994,Raquela,12000,180
171,Clair,37000,180
136,Gideon,15000,180
649,Ruthy,20000,180
617,Kirk,30000,180
299,Jody,33000,180
734,Silas,20000,180
928,Hayden,30000,180
737,Keith,20000,180
107,Gaven,10000,180
668,Katina,20000,180
247,Dotty,42000,180
11,Brandea,15000,180
625,Tonya,37000,180
721,Riobard,42000,180
750,Zsa zsa,20000,180
928,Hayden,30000,180
723,Darlene,42000,180
15,Megen,10000,180
299,Jody,33000,180
341,Rafaello,37000,180
988,Dawn,37000,180
981,Genevieve,20000,180
427,Carine,33000,180
943,Loria,25000,180
552,Delmore,33000,180
21,Bobbye,15000,180
947,Martyn,25000,180
821,Trevor,10000,180
426,Minnnie,20000,180
363,Neilla,50000,180
630,Lyndy,37000,180
457,Arnaldo,10000,180
32,Katey,42000,180
721,Riobard,42000,180
635,Sherwin,10000,180
375,Nanni,25000,180
723,Darlene,42000,180
265,Blair,50000,180
21,Bobbye,15000,180
575,Florida,37000,180
30,Toby,15000,180
273,Bond,10000,180
259,Merrile,50000,180
714,Jerrylee,10000,180
798,Yelena,50000,180
598,Eachelle,37000,180
70,Sayre,33000,180
41,Brnaba,30000,180
2,Ulrike,25000,180
441,Regine,10000,180
915,Tyrone,15000,180
32,Katey,42000,180
30,Toby,15000,180
171,Clair,37000,180
447,Guy,42000,180
915,Tyrone,15000,180
444,Chrissy,18000,180
802,Sheilah,42000,180
932,Debby,18000,180
265,Blair,50000,180
764,Roslyn,10000,180
150,Dot,18000,180
107,Gaven,10000,180
752,Arch,33000,180
625,Tonya,37000,180
796,Hersh,33000,180
622,Hestia,18000,180
457,Arnaldo,10000,180
541,Deny,18000,180
57,Homer,18000,180
353,Carita,42000,180
618,Orson,25000,180
25,Braden,25000,180
630,Lyndy,37000,180
15,Megen,10000,180
619,Lyndsay,42000,180
2,Ulrike,25000,180
517,Danya,25000,180
765,Jenny,33000,180
544,Prisca,18000,180
529,Daveta,20000,180
203,Cissiee,18000,180
649,Ruthy,20000,180
473,Erek,10000,180
916,Saunder,37000,180
728,Klara,50000,180
363,Neilla,50000,180
204,Jillana,18000,180
764,Roslyn,10000,180
185,Marcellus,30000,180
203,Cissiee,18000,180
204,Jillana,18000,180
237,Cathleen,10000,180
473,Erek,10000,180
961,Ginnie,15000,180
714,Jerrylee,10000,180
78,Morse,25000,180
773,Juliana,50000,180
80,Jesselyn,30000,180
735,Kaia,25000,180
47,Raine,30000,180
734,Silas,20000,180
509,Cornie,42000,180
237,Cathleen,10000,180
622,Hestia,18000,180
36,Cristie,10000,180
737,Keith,20000,180
635,Sherwin,10000,180
247,Dotty,42000,180
281,Rafaellle,50000,180
522,Charles,42000,180
750,Zsa zsa,20000,180
228,Jeniece,15000,180
93,Nicky,42000,180
735,Kaia,25000,180
441,Regine,10000,180
147,Gustie,42000,180
643,Neron,42000,180
798,Yelena,50000,180
243,Brigham,25000,180
36,Cristie,10000,180
419,Ed,18000,180
583,Annabell,15000,180
668,Katina,20000,180
796,Hersh,33000,180
509,Cornie,42000,180
117,Cherrita,33000,180
280,Koenraad,20000,180
662,Byrom,42000,180
366,Klarrisa,18000,180
236,Anastasia,18000,180
575,Florida,37000,180
821,Trevor,10000,180
79,Roland,25000,180
273,Bond,10000,180
487,Rorie,25000,220
450,Alexandr,18000,220
225,Adriano,33000,220
843,Grant,33000,220
253,Norene,25000,220
847,Estella,42000,220
581,Tiphani,33000,220
258,Sydelle,30000,220
543,Margeaux,18000,220
674,Lamont,33000,220
55,Corina,37000,220
52,Carline,12000,220
297,Ddene,12000,220
727,Rickie,42000,220
500,Warren,25000,220
870,Pearla,33000,220
507,Patrice,37000,220
867,Emmanuel,30000,220
789,Florella,25000,220
52,Carline,12000,220
742,Silvano,12000,220
727,Rickie,42000,220
163,Pascale,15000,220
815,Lefty,50000,220
380,Fran,30000,220
502,Callie,50000,220
119,Glenda,37000,220
316,Angelika,50000,220
58,Lianna,12000,220
50,Carroll,42000,220
188,Scarface,50000,220
297,Ddene,12000,220
869,Malory,42000,220
884,Lona,30000,220
345,Aldric,50000,220
496,Conrado,50000,220
674,Lamont,33000,220
497,Fredia,30000,220
495,Willey,15000,220
431,Smitty,15000,220
495,Willey,15000,220
502,Callie,50000,220
501,Gabi,30000,220
898,Ki,30000,220
213,Darwin,18000,220
867,Emmanuel,30000,220
806,Almira,42000,220
695,Justino,18000,220
336,Dominique,37000,220
726,Jonathon,50000,220
246,Adam,20000,220
330,Rosemarie,33000,220
528,Helen-elizabeth,20000,220
313,Franchot,12000,220
586,Umeko,30000,220
870,Pearla,33000,220
884,Lona,30000,220
894,Gabbie,42000,220
818,Hyatt,20000,220
315,Timothea,20000,220
92,Lonni,50000,220
570,Retha,15000,220
567,Dur,25000,220
789,Florella,25000,220
151,Meryl,12000,220
304,Coleman,33000,220
325,Maynord,42000,220
567,Dur,25000,220
818,Hyatt,20000,220
92,Lonni,50000,220
898,Ki,30000,220
695,Justino,18000,220
809,Obadias,10000,220
945,Cherice,15000,220
577,Adrianne,10000,220
137,Johnette,10000,220
217,Dwight,42000,220
293,Russell,50000,220
327,Nerty,20000,220
108,Carlie,10000,220
588,Lynnette,37000,220
119,Glenda,37000,220
120,Lorettalorna,25000,220
258,Sydelle,30000,220
334,Isak,20000,220
291,Chalmers,10000,220
851,Sidoney,20000,220
945,Cherice,15000,220
592,Corabelle,37000,220
357,Nisse,37000,220
357,Nisse,37000,220
315,Timothea,20000,220
593,Vic,25000,220
951,Wake,25000,220
604,Arvin,50000,220
847,Estella,42000,220
5,Sheelagh,18000,220
604,Arvin,50000,220
325,Maynord,42000,220
115,Harmon,50000,220
869,Malory,42000,220
304,Coleman,33000,220
987,Mohammed,42000,220
587,Hayes,10000,220
487,Rorie,25000,220
894,Gabbie,42000,220
543,Margeaux,18000,220
608,Joshia,25000,220
330,Rosemarie,33000,220
134,Stephenie,50000,220
611,Pearla,20000,220
806,Almira,42000,220
449,Julietta,42000,220
200,Alana,30000,220
380,Fran,30000,220
641,Maia,10000,220
647,Felike,12000,220
920,Gretna,42000,220
348,Jefferey,33000,220
851,Sidoney,20000,220
593,Vic,25000,220
670,Arlette,30000,220
577,Adrianne,10000,220
58,Lianna,12000,220
611,Pearla,20000,220
166,Darleen,42000,220
316,Angelika,50000,220
253,Norene,25000,220
920,Gretna,42000,220
213,Darwin,18000,220
670,Arlette,30000,220
407,Mikael,50000,220
483,Micheil,37000,220
488,Hedvige,37000,220
587,Hayes,10000,220
108,Carlie,10000,220
368,Clywd,33000,220
345,Aldric,50000,220
5,Sheelagh,18000,220
757,Kerianne,37000,220
676,Nani,50000,220
293,Russell,50000,220
115,Harmon,50000,220
231,Marmaduke,10000,220
718,Fina,42000,220
951,Wake,25000,220
500,Warren,25000,220
647,Felike,12000,220
570,Retha,15000,220
134,Stephenie,50000,220
166,Darleen,42000,220
220,Mozes,25000,220
120,Lorettalorna,25000,220
987,Mohammed,42000,220
815,Lefty,50000,220
336,Dominique,37000,220
368,Clywd,33000,220
327,Nerty,20000,220
453,Portie,15000,220
588,Lynnette,37000,220
55,Corina,37000,220
200,Alana,30000,220
231,Marmaduke,10000,220
217,Dwight,42000,220
651,Thorndike,10000,220
776,Letta,10000,220
507,Patrice,37000,220
726,Jonathon,50000,220
313,Franchot,12000,220
188,Scarface,50000,220
35,Jehanna,50000,220
592,Corabelle,37000,220
485,Melisse,10000,220
163,Pascale,15000,220
776,Letta,10000,220
220,Mozes,25000,220
35,Jehanna,50000,220
442,Tam,20000,220
443,Davon,20000,220
742,Silvano,12000,220
659,Willdon,10000,220
718,Fina,42000,220
608,Joshia,25000,220
137,Johnette,10000,220
819,Roch,33000,220
571,Carma,33000,220
422,Jennifer,15000,220
528,Helen-elizabeth,20000,220
496,Conrado,50000,220
581,Tiphani,33000,220
586,Umeko,30000,220
278,Emory,15000,220
571,Carma,33000,220
442,Tam,20000,220
443,Davon,20000,220
641,Maia,10000,220
431,Smitty,15000,220
819,Roch,33000,220
676,Nani,50000,220
225,Adriano,33000,220
378,Brigg,10000,220
483,Micheil,37000,220
803,Lazaro,10000,220
278,Emory,15000,220
757,Kerianne,37000,220
246,Adam,20000,220
348,Jefferey,33000,220
651,Thorndike,10000,220
843,Grant,33000,220
334,Isak,20000,220
809,Obadias,10000,220
497,Fredia,30000,220
488,Hedvige,37000,220
485,Melisse,10000,220
450,Alexandr,18000,220
378,Brigg,10000,220
659,Willdon,10000,220
501,Gabi,30000,220
449,Julietta,42000,220
453,Portie,15000,220
803,Lazaro,10000,220
50,Carroll,42000,220
151,Meryl,12000,220
422,Jennifer,15000,220
407,Mikael,50000,220
291,Chalmers,10000,220
423,Keelby,15000,325
686,Rosalyn,37000,325
715,Lucky,42000,325
578,Scarlett,20000,325
519,Ethe,20000,325
946,Kimberley,18000,325
351,Heddi,20000,325
652,Cesaro,30000,325
458,Kassi,37000,325
123,Pippa,20000,325
861,Pietrek,25000,325
955,Delila,20000,325
907,Tabb,50000,325
536,Delmar,42000,325
810,Efrem,20000,325
767,Brynne,18000,325
745,Gordon,12000,325
768,Blakeley,18000,325
906,Lynn,37000,325
810,Efrem,20000,325
223,Enrico,50000,325
169,Farley,12000,325
686,Rosalyn,37000,325
691,Krishna,50000,325
864,Alonzo,12000,325
135,Dunstan,20000,325
664,Natassia,42000,325
472,Saidee,50000,325
428,Kelly,37000,325
176,Wanids,30000,325
652,Cesaro,30000,325
432,Wade,12000,325
918,Alysia,37000,325
31,Franny,15000,325
472,Saidee,50000,325
432,Wade,12000,325
404,Willa,30000,325
832,Olivier,20000,325
109,Trixie,42000,325
183,Ruthe,30000,325
559,Jessamine,18000,325
239,Chet,42000,325
340,Melloney,33000,325
566,Lemmie,18000,325
970,Noach,12000,325
180,Nial,15000,325
930,Emory,37000,325
754,Amber,42000,325
673,Lambert,42000,325
149,Lena,25000,325
754,Amber,42000,325
977,Wenonah,12000,325
383,George,15000,325
268,Channa,50000,325
793,Grayce,33000,325
455,Hilly,30000,325
970,Noach,12000,325
513,Lorna,42000,325
740,Chen,37000,325
578,Scarlett,20000,325
338,Filbert,20000,325
149,Lena,25000,325
879,Barbey,12000,325
402,Rachel,12000,325
81,Kylila,12000,325
515,Torrey,42000,325
613,Evin,12000,325
977,Wenonah,12000,325
180,Nial,15000,325
990,Chiarra,18000,325
736,Arvie,15000,325
832,Olivier,20000,325
825,Andrei,10000,325
591,Emlyn,50000,325
526,Homer,10000,325
219,Kaile,33000,325
995,Maxi,18000,325
221,Aylmer,33000,325
968,Berenice,10000,325
455,Hilly,30000,325
351,Heddi,20000,325
156,Tanny,42000,325
308,Davide,42000,325
31,Franny,15000,325
874,Estella,20000,325
224,Zonda,33000,325
839,Oralia,10000,325
794,Harv,42000,325
969,Charlie,50000,325
518,Erda,37000,325
889,Flo,42000,325
840,Wadsworth,30000,325
3,Brade,20000,325
736,Arvie,15000,325
176,Wanids,30000,325
415,Skylar,20000,325
861,Pietrek,25000,325
224,Zonda,33000,325
223,Enrico,50000,325
536,Delmar,42000,325
518,Erda,37000,325
749,Carola,10000,325
458,Kassi,37000,325
439,Leelah,25000,325
23,Johnny,33000,325
527,Eveline,37000,325
9,Jeanine,18000,325
377,Hussein,25000,325
126,Fonzie,15000,325
732,Enrica,18000,325
755,Dorian,15000,325
516,Pernell,50000,325
825,Andrei,10000,325
424,Chuck,33000,325
383,George,15000,325
755,Dorian,15000,325
439,Leelah,25000,325
603,Cahra,50000,325
708,Merle,10000,325
946,Kimberley,18000,325
352,Marieann,50000,325
454,Korella,33000,325
823,Tania,42000,325
160,Leonie,50000,325
591,Emlyn,50000,325
559,Jessamine,18000,325
566,Lemmie,18000,325
603,Cahra,50000,325
794,Harv,42000,325
12,Cordelie,50000,325
135,Dunstan,20000,325
454,Korella,33000,325
268,Channa,50000,325
722,Joannes,10000,325
933,Gui,20000,325
194,Philipa,42000,325
527,Eveline,37000,325
691,Krishna,50000,325
194,Philipa,42000,325
767,Brynne,18000,325
768,Blakeley,18000,325
976,Arlina,33000,325
183,Ruthe,30000,325
907,Tabb,50000,325
715,Lucky,42000,325
770,Barbey,20000,325
985,Erna,33000,325
990,Chiarra,18000,325
889,Flo,42000,325
406,Fredric,50000,325
995,Maxi,18000,325
732,Enrica,18000,325
839,Oralia,10000,325
123,Pippa,20000,325
371,Franni,42000,325
874,Estella,20000,325
955,Delila,20000,325
850,Amanda,37000,325
533,Dennison,25000,325
769,Egan,10000,325
446,Rina,20000,325
840,Wadsworth,30000,325
833,Oby,12000,325
172,Addy,33000,325
749,Carola,10000,325
660,Cindi,12000,325
782,Laughton,15000,325
850,Amanda,37000,325
377,Hussein,25000,325
519,Ethe,20000,325
446,Rina,20000,325
708,Merle,10000,325
371,Franni,42000,325
859,Abramo,37000,325
660,Cindi,12000,325
590,Trumaine,15000,325
460,Mac,20000,325
219,Kaile,33000,325
590,Trumaine,15000,325
513,Lorna,42000,325
415,Skylar,20000,325
664,Natassia,42000,325
515,Torrey,42000,325
904,Josiah,12000,325
673,Lambert,42000,325
823,Tania,42000,325
769,Egan,10000,325
282,Edie,25000,325
3,Brade,20000,325
424,Chuck,33000,325
338,Filbert,20000,325
12,Cordelie,50000,325
239,Chet,42000,325
864,Alonzo,12000,325
282,Edie,25000,325
859,Abramo,37000,325
540,Saunders,25000,325
352,Marieann,50000,325
172,Addy,33000,325
423,Keelby,15000,325
607,Lydia,15000,325
745,Gordon,12000,325
156,Tanny,42000,325
609,Bernita,15000,325
209,Asia,37000,325
160,Leonie,50000,325
969,Charlie,50000,325
722,Joannes,10000,325
879,Barbey,12000,325
533,Dennison,25000,325
906,Lynn,37000,325
126,Fonzie,15000,325
23,Johnny,33000,325
782,Laughton,15000,325
833,Oby,12000,325
968,Berenice,10000,325
972,Sloan,42000,325
406,Fredric,50000,325
540,Saunders,25000,325
770,Barbey,20000,325
460,Mac,20000,325
81,Kylila,12000,325
9,Jeanine,18000,325
607,Lydia,15000,325
933,Gui,20000,325
740,Chen,37000,325
209,Asia,37000,325
976,Arlina,33000,325
609,Bernita,15000,325
613,Evin,12000,325
283,Osbert,15000,325
904,Josiah,12000,325
221,Aylmer,33000,325
526,Homer,10000,325
918,Alysia,37000,325
283,Osbert,15000,325
985,Erna,33000,325
402,Rachel,12000,325
972,Sloan,42000,325
308,Davide,42000,325
404,Willa,30000,325
340,Melloney,33000,325
930,Emory,37000,325
169,Farley,12000,325
109,Trixie,42000,325
516,Pernell,50000,325
793,Grayce,33000,325
428,Kelly,37000,325
